<?xml version="1.0" encoding="UTF-8"?>
<metadata xml:lang="en"><Esri><CreaDate>20190918</CreaDate><CreaTime>08574900</CreaTime><ArcGISFormat>1.0</ArcGISFormat><SyncOnce>TRUE</SyncOnce><DataProperties><lineage><Process ToolSource="c:\program files (x86)\arcgis\desktop10.7\ArcToolbox\Toolboxes\Data Management Tools.tbx\AddGeometryAttributes" Date="20190918" Time="085749">AddGeometryAttributes C:\3DSpatialMetric\Volumetrics09132019_Final\Tutorial_Data\Study_Area.shp AREA;PERIMETER_LENGTH METERS SQUARE_METERS #</Process><Process ToolSource="c:\program files (x86)\arcgis\desktop10.7\ArcToolbox\Toolboxes\Data Management Tools.tbx\AddGeometryAttributes" Date="20190918" Time="085905">AddGeometryAttributes C:\3DSpatialMetric\Volumetrics09132019_Final\Tutorial_Data\Study_Area.shp AREA;PERIMETER_LENGTH METERS SQUARE_METERS #</Process><Process ToolSource="c:\program files (x86)\arcgis\desktop10.7\ArcToolbox\Toolboxes\Data Management Tools.tbx\AddGeometryAttributes" Date="20190918" Time="090739">AddGeometryAttributes C:\3DSpatialMetric\Volumetrics09132019_Final\Tutorial_Data\Study_Area.shp AREA;PERIMETER_LENGTH METERS SQUARE_METERS #</Process><Process ToolSource="c:\program files (x86)\arcgis\desktop10.7\ArcToolbox\Toolboxes\Data Management Tools.tbx\AddGeometryAttributes" Date="20190918" Time="091414">AddGeometryAttributes C:\3DSpatialMetric\Volumetrics09132019_Final\Tutorial_Data\Study_Area.shp AREA;PERIMETER_LENGTH METERS SQUARE_METERS #</Process><Process ToolSource="c:\program files (x86)\arcgis\desktop10.7\ArcToolbox\Toolboxes\Data Management Tools.tbx\AddGeometryAttributes" Date="20190918" Time="091504">AddGeometryAttributes C:\3DSpatialMetric\Volumetrics09132019_Final\Tutorial_Data\Study_Area.shp AREA;PERIMETER_LENGTH METERS SQUARE_METERS #</Process><Process ToolSource="c:\program files (x86)\arcgis\desktop10.7\ArcToolbox\Toolboxes\Data Management Tools.tbx\AddGeometryAttributes" Date="20190918" Time="092635">AddGeometryAttributes C:\3DSpatialMetric\Volumetrics09132019_Final\Tutorial_Data\Study_Area.shp AREA;PERIMETER_LENGTH METERS SQUARE_METERS #</Process><Process ToolSource="c:\program files (x86)\arcgis\desktop10.7\ArcToolbox\Toolboxes\Data Management Tools.tbx\AddGeometryAttributes" Date="20190918" Time="093131">AddGeometryAttributes C:\3DSpatialMetric\Volumetrics09132019_Final\Tutorial_Data\Study_Area.shp AREA;PERIMETER_LENGTH METERS SQUARE_METERS #</Process><Process ToolSource="c:\program files (x86)\arcgis\desktop10.7\ArcToolbox\Toolboxes\Data Management Tools.tbx\AddGeometryAttributes" Date="20190918" Time="093222">AddGeometryAttributes C:\3DSpatialMetric\Volumetrics09132019_Final\Tutorial_Data\Study_Area.shp AREA;PERIMETER_LENGTH METERS SQUARE_METERS #</Process><Process ToolSource="c:\program files (x86)\arcgis\desktop10.7\ArcToolbox\Toolboxes\Data Management Tools.tbx\AddGeometryAttributes" Date="20190918" Time="093417">AddGeometryAttributes C:\3DSpatialMetric\Volumetrics09132019_Final\Tutorial_Data\Study_Area.shp AREA;PERIMETER_LENGTH METERS SQUARE_METERS #</Process><Process ToolSource="c:\program files (x86)\arcgis\desktop10.7\ArcToolbox\Toolboxes\Data Management Tools.tbx\AddGeometryAttributes" Date="20190918" Time="093557">AddGeometryAttributes C:\3DSpatialMetric\Volumetrics09132019_Final\Tutorial_Data\Study_Area.shp AREA;PERIMETER_LENGTH METERS SQUARE_METERS #</Process><Process ToolSource="c:\program files (x86)\arcgis\desktop10.7\ArcToolbox\Toolboxes\Data Management Tools.tbx\AddGeometryAttributes" Date="20190918" Time="094036">AddGeometryAttributes C:\3DSpatialMetric\Volumetrics09132019_Final\Tutorial_Data\Study_Area.shp AREA;PERIMETER_LENGTH METERS SQUARE_METERS #</Process><Process ToolSource="c:\program files (x86)\arcgis\desktop10.7\ArcToolbox\Toolboxes\Data Management Tools.tbx\AddGeometryAttributes" Date="20190918" Time="094110">AddGeometryAttributes C:\3DSpatialMetric\Volumetrics09132019_Final\Tutorial_Data\Study_Area.shp AREA;PERIMETER_LENGTH METERS SQUARE_METERS #</Process><Process ToolSource="c:\program files (x86)\arcgis\desktop10.7\ArcToolbox\Toolboxes\Data Management Tools.tbx\AddGeometryAttributes" Date="20190918" Time="100336">AddGeometryAttributes C:\3DSpatialMetric\Volumetrics09132019_Final\Tutorial_Data\Study_Area.shp AREA;PERIMETER_LENGTH METERS SQUARE_METERS #</Process><Process ToolSource="c:\program files (x86)\arcgis\desktop10.7\ArcToolbox\Toolboxes\Data Management Tools.tbx\AddGeometryAttributes" Date="20190918" Time="100511">AddGeometryAttributes C:\3DSpatialMetric\Volumetrics09132019_Final\Tutorial_Data\Study_Area.shp AREA;PERIMETER_LENGTH METERS SQUARE_METERS #</Process><Process ToolSource="c:\program files (x86)\arcgis\desktop10.7\ArcToolbox\Toolboxes\Data Management Tools.tbx\AddGeometryAttributes" Date="20190918" Time="100752">AddGeometryAttributes C:\3DSpatialMetric\Volumetrics09132019_Final\Tutorial_Data\Study_Area.shp AREA;PERIMETER_LENGTH METERS SQUARE_METERS #</Process><Process ToolSource="c:\program files (x86)\arcgis\desktop10.7\ArcToolbox\Toolboxes\Data Management Tools.tbx\AddGeometryAttributes" Date="20190918" Time="101530">AddGeometryAttributes C:\3DSpatialMetric\Volumetrics09132019_Final\Tutorial_Data\Study_Area.shp AREA;PERIMETER_LENGTH METERS SQUARE_METERS #</Process><Process ToolSource="c:\program files (x86)\arcgis\desktop10.7\ArcToolbox\Toolboxes\Data Management Tools.tbx\AddGeometryAttributes" Date="20190918" Time="102009">AddGeometryAttributes C:\Users\yzhao233\Desktop\3DSpatialMetrics_0918\Tutorial_Data\Study_Area.shp AREA;PERIMETER_LENGTH METERS SQUARE_METERS #</Process><Process ToolSource="c:\program files (x86)\arcgis\desktop10.7\ArcToolbox\Toolboxes\Data Management Tools.tbx\AddGeometryAttributes" Date="20190918" Time="102508">AddGeometryAttributes C:\Users\yzhao233\Desktop\3DSpatialMetrics_0918\Tutorial_Data\Study_Area.shp AREA;PERIMETER_LENGTH METERS SQUARE_METERS #</Process><Process ToolSource="c:\program files (x86)\arcgis\desktop10.7\ArcToolbox\Toolboxes\Data Management Tools.tbx\AddGeometryAttributes" Date="20190918" Time="102820">AddGeometryAttributes C:\Users\yzhao233\Desktop\3DSpatialMetrics_0918\Tutorial_Data\Study_Area.shp AREA;PERIMETER_LENGTH METERS SQUARE_METERS #</Process><Process ToolSource="c:\program files (x86)\arcgis\desktop10.7\ArcToolbox\Toolboxes\Data Management Tools.tbx\AddGeometryAttributes" Date="20190918" Time="104244">AddGeometryAttributes C:\Users\yzhao233\Desktop\3DSpatialMetrics_0918\Tutorial_Data\Study_Area.shp AREA;PERIMETER_LENGTH METERS SQUARE_METERS #</Process><Process ToolSource="c:\program files (x86)\arcgis\desktop10.7\ArcToolbox\Toolboxes\Data Management Tools.tbx\AddGeometryAttributes" Date="20190918" Time="104333">AddGeometryAttributes C:\Users\yzhao233\Desktop\3DSpatialMetrics_0918\Tutorial_Data\Study_Area.shp AREA;PERIMETER_LENGTH METERS SQUARE_METERS #</Process><Process ToolSource="c:\program files (x86)\arcgis\desktop10.7\ArcToolbox\Toolboxes\Data Management Tools.tbx\AddGeometryAttributes" Date="20190918" Time="104551">AddGeometryAttributes C:\Users\yzhao233\Desktop\3DSpatialMetrics_0918\Tutorial_Data\Study_Area.shp AREA;PERIMETER_LENGTH METERS SQUARE_METERS #</Process><Process ToolSource="c:\program files (x86)\arcgis\desktop10.7\ArcToolbox\Toolboxes\Data Management Tools.tbx\AddGeometryAttributes" Date="20190918" Time="104904">AddGeometryAttributes C:\Users\yzhao233\Desktop\3DSpatialMetrics_0918\Tutorial_Data\Study_Area.shp AREA;PERIMETER_LENGTH METERS SQUARE_METERS #</Process><Process ToolSource="c:\program files (x86)\arcgis\desktop10.7\ArcToolbox\Toolboxes\Data Management Tools.tbx\AddGeometryAttributes" Date="20190918" Time="110318">AddGeometryAttributes C:\Users\yzhao233\Desktop\3DSpatialMetrics_0918\Tutorial_Data\Study_Area.shp AREA;PERIMETER_LENGTH METERS SQUARE_METERS #</Process><Process ToolSource="c:\program files (x86)\arcgis\desktop10.7\ArcToolbox\Toolboxes\Data Management Tools.tbx\AddGeometryAttributes" Date="20190918" Time="110647">AddGeometryAttributes C:\Users\yzhao233\Desktop\3DSpatialMetrics_0918\Tutorial_Data\Study_Area.shp AREA;PERIMETER_LENGTH METERS SQUARE_METERS #</Process><Process ToolSource="c:\program files (x86)\arcgis\desktop10.7\ArcToolbox\Toolboxes\Data Management Tools.tbx\AddGeometryAttributes" Date="20190918" Time="111131">AddGeometryAttributes C:\Users\yzhao233\Desktop\3DSpatialMetrics_0918\Tutorial_Data\Study_Area.shp AREA;PERIMETER_LENGTH METERS SQUARE_METERS #</Process><Process ToolSource="c:\program files (x86)\arcgis\desktop10.7\ArcToolbox\Toolboxes\Data Management Tools.tbx\AddGeometryAttributes" Date="20190918" Time="111422">AddGeometryAttributes C:\Users\yzhao233\Desktop\3DSpatialMetrics_0918\Tutorial_Data\Study_Area.shp AREA;PERIMETER_LENGTH METERS SQUARE_METERS #</Process><Process ToolSource="c:\program files (x86)\arcgis\desktop10.7\ArcToolbox\Toolboxes\Data Management Tools.tbx\AddGeometryAttributes" Date="20190918" Time="113344">AddGeometryAttributes C:\Users\yzhao233\Desktop\3DSpatialMetrics_0918\Tutorial_Data\Study_Area.shp AREA;PERIMETER_LENGTH METERS SQUARE_METERS #</Process><Process ToolSource="c:\program files (x86)\arcgis\desktop10.7\ArcToolbox\Toolboxes\Data Management Tools.tbx\AddGeometryAttributes" Date="20190918" Time="114434">AddGeometryAttributes C:\Users\yzhao233\Desktop\3DSpatialMetrics_0918\Tutorial_Data\Study_Area.shp AREA;PERIMETER_LENGTH METERS SQUARE_METERS #</Process><Process ToolSource="c:\program files (x86)\arcgis\desktop10.7\ArcToolbox\Toolboxes\Data Management Tools.tbx\AddGeometryAttributes" Date="20190918" Time="114549">AddGeometryAttributes C:\Users\yzhao233\Desktop\3DSpatialMetrics_0918\Tutorial_Data\Study_Area.shp AREA;PERIMETER_LENGTH METERS SQUARE_METERS #</Process><Process ToolSource="c:\program files (x86)\arcgis\desktop10.7\ArcToolbox\Toolboxes\Data Management Tools.tbx\AddGeometryAttributes" Date="20190918" Time="115328">AddGeometryAttributes C:\Users\yzhao233\Desktop\3DSpatialMetrics_0918\Tutorial_Data\Study_Area.shp AREA;PERIMETER_LENGTH METERS SQUARE_METERS #</Process><Process ToolSource="c:\program files (x86)\arcgis\desktop10.7\ArcToolbox\Toolboxes\Data Management Tools.tbx\AddGeometryAttributes" Date="20190920" Time="153107">AddGeometryAttributes C:\Users\yzhao233\Desktop\3DSpatialMetrics_0920\3DSpatialMetrics_0918\Tutorial_Data\Study_Area.shp AREA;PERIMETER_LENGTH METERS SQUARE_METERS #</Process><Process ToolSource="c:\program files (x86)\arcgis\desktop10.7\ArcToolbox\Toolboxes\Data Management Tools.tbx\AddGeometryAttributes" Date="20190920" Time="155035">AddGeometryAttributes C:\Users\yzhao233\Desktop\3DSpatialMetrics_0920\3DSpatialMetrics_0918\Tutorial_Data\Study_Area.shp AREA;PERIMETER_LENGTH METERS SQUARE_METERS #</Process><Process ToolSource="c:\program files (x86)\arcgis\desktop10.7\ArcToolbox\Toolboxes\Data Management Tools.tbx\AddGeometryAttributes" Date="20190920" Time="155157">AddGeometryAttributes C:\Users\yzhao233\Desktop\3DSpatialMetrics_0920\3DSpatialMetrics_0918\Tutorial_Data\Study_Area.shp AREA;PERIMETER_LENGTH METERS SQUARE_METERS #</Process><Process ToolSource="c:\program files (x86)\arcgis\desktop10.7\ArcToolbox\Toolboxes\Data Management Tools.tbx\AddGeometryAttributes" Date="20190920" Time="155354">AddGeometryAttributes C:\Users\yzhao233\Desktop\3DSpatialMetrics_0920\3DSpatialMetrics_0918\Tutorial_Data\Study_Area.shp AREA;PERIMETER_LENGTH METERS SQUARE_METERS #</Process><Process ToolSource="c:\program files (x86)\arcgis\desktop10.7\ArcToolbox\Toolboxes\Data Management Tools.tbx\AddGeometryAttributes" Date="20190920" Time="155926">AddGeometryAttributes C:\Users\yzhao233\Desktop\3DSpatialMetrics_0920\3DSpatialMetrics_0918\Tutorial_Data\Study_Area.shp AREA;PERIMETER_LENGTH METERS SQUARE_METERS #</Process><Process ToolSource="c:\program files (x86)\arcgis\desktop10.7\ArcToolbox\Toolboxes\Data Management Tools.tbx\AddGeometryAttributes" Date="20190920" Time="160040">AddGeometryAttributes C:\Users\yzhao233\Desktop\3DSpatialMetrics_0920\3DSpatialMetrics_0918\Tutorial_Data\Study_Area.shp AREA;PERIMETER_LENGTH METERS SQUARE_METERS #</Process><Process ToolSource="c:\program files (x86)\arcgis\desktop10.7\ArcToolbox\Toolboxes\Data Management Tools.tbx\AddGeometryAttributes" Date="20190920" Time="160915">AddGeometryAttributes C:\Users\yzhao233\Desktop\3DSpatialMetrics_0920\3DSpatialMetrics_0918\Tutorial_Data\Study_Area.shp AREA;PERIMETER_LENGTH METERS SQUARE_METERS #</Process><Process ToolSource="c:\program files (x86)\arcgis\desktop10.7\ArcToolbox\Toolboxes\Data Management Tools.tbx\AddGeometryAttributes" Date="20190920" Time="161110">AddGeometryAttributes C:\Users\yzhao233\Desktop\3DSpatialMetrics_0920\3DSpatialMetrics_0918\Tutorial_Data\Study_Area.shp AREA;PERIMETER_LENGTH METERS SQUARE_METERS #</Process><Process ToolSource="c:\program files (x86)\arcgis\desktop10.7\ArcToolbox\Toolboxes\Data Management Tools.tbx\AddGeometryAttributes" Date="20190920" Time="161503">AddGeometryAttributes C:\Users\yzhao233\Desktop\3DSpatialMetrics_0920\3DSpatialMetrics_0918\Tutorial_Data\Study_Area.shp AREA;PERIMETER_LENGTH METERS SQUARE_METERS #</Process><Process ToolSource="c:\program files (x86)\arcgis\desktop10.7\ArcToolbox\Toolboxes\Data Management Tools.tbx\AddGeometryAttributes" Date="20190920" Time="161906">AddGeometryAttributes C:\Users\yzhao233\Desktop\3DSpatialMetrics_0920\3DSpatialMetrics_0918\Tutorial_Data\Study_Area.shp AREA;PERIMETER_LENGTH METERS SQUARE_METERS #</Process><Process ToolSource="c:\program files (x86)\arcgis\desktop10.7\ArcToolbox\Toolboxes\Data Management Tools.tbx\AddGeometryAttributes" Date="20190920" Time="162545">AddGeometryAttributes C:\Users\yzhao233\Desktop\3DSpatialMetrics_0920\3DSpatialMetrics_0918\Tutorial_Data\Study_Area.shp AREA;PERIMETER_LENGTH METERS SQUARE_METERS #</Process><Process ToolSource="c:\program files (x86)\arcgis\desktop10.7\ArcToolbox\Toolboxes\Data Management Tools.tbx\AddGeometryAttributes" Date="20190920" Time="163033">AddGeometryAttributes C:\Users\yzhao233\Desktop\3DSpatialMetrics_0921\Tutorial_Data\Study_Area.shp AREA;PERIMETER_LENGTH METERS SQUARE_METERS #</Process></lineage></DataProperties></Esri></metadata>
